<annotation>
	<folder></folder>
	<filename>IMG_20230910_100703_jpg.rf.902b3341ceb2828a58a579b82bff898c.jpg</filename>
	<path>IMG_20230910_100703_jpg.rf.902b3341ceb2828a58a579b82bff898c.jpg</path>
	<source>
		<database>roboflow.com</database>
	</source>
	<size>
		<width>640</width>
		<height>640</height>
		<depth>3</depth>
	</size>
	<segmented>0</segmented>
	<object>
		<name>oyster-spats</name>
		<pose>Unspecified</pose>
		<truncated>0</truncated>
		<difficult>0</difficult>
		<occluded>0</occluded>
		<bndbox>
			<xmin>338</xmin>
			<xmax>349</xmax>
			<ymin>110</ymin>
			<ymax>118</ymax>
		</bndbox>
	</object>
	<object>
		<name>oyster-spats</name>
		<pose>Unspecified</pose>
		<truncated>0</truncated>
		<difficult>0</difficult>
		<occluded>0</occluded>
		<bndbox>
			<xmin>381</xmin>
			<xmax>392</xmax>
			<ymin>105</ymin>
			<ymax>115</ymax>
		</bndbox>
	</object>
	<object>
		<name>oyster-spats</name>
		<pose>Unspecified</pose>
		<truncated>0</truncated>
		<difficult>0</difficult>
		<occluded>0</occluded>
		<bndbox>
			<xmin>287</xmin>
			<xmax>296</xmax>
			<ymin>135</ymin>
			<ymax>141</ymax>
		</bndbox>
	</object>
	<object>
		<name>oyster-spats</name>
		<pose>Unspecified</pose>
		<truncated>0</truncated>
		<difficult>0</difficult>
		<occluded>0</occluded>
		<bndbox>
			<xmin>353</xmin>
			<xmax>363</xmax>
			<ymin>124</ymin>
			<ymax>132</ymax>
		</bndbox>
	</object>
	<object>
		<name>oyster-spats</name>
		<pose>Unspecified</pose>
		<truncated>0</truncated>
		<difficult>0</difficult>
		<occluded>0</occluded>
		<bndbox>
			<xmin>348</xmin>
			<xmax>358</xmax>
			<ymin>127</ymin>
			<ymax>135</ymax>
		</bndbox>
	</object>
	<object>
		<name>oyster-spats</name>
		<pose>Unspecified</pose>
		<truncated>0</truncated>
		<difficult>0</difficult>
		<occluded>0</occluded>
		<bndbox>
			<xmin>333</xmin>
			<xmax>342</xmax>
			<ymin>135</ymin>
			<ymax>141</ymax>
		</bndbox>
	</object>
	<object>
		<name>oyster-spats</name>
		<pose>Unspecified</pose>
		<truncated>0</truncated>
		<difficult>0</difficult>
		<occluded>0</occluded>
		<bndbox>
			<xmin>259</xmin>
			<xmax>274</xmax>
			<ymin>148</ymin>
			<ymax>157</ymax>
		</bndbox>
	</object>
	<object>
		<name>oyster-spats</name>
		<pose>Unspecified</pose>
		<truncated>0</truncated>
		<difficult>0</difficult>
		<occluded>0</occluded>
		<bndbox>
			<xmin>321</xmin>
			<xmax>333</xmax>
			<ymin>156</ymin>
			<ymax>163</ymax>
		</bndbox>
	</object>
	<object>
		<name>oyster-spats</name>
		<pose>Unspecified</pose>
		<truncated>0</truncated>
		<difficult>0</difficult>
		<occluded>0</occluded>
		<bndbox>
			<xmin>293</xmin>
			<xmax>302</xmax>
			<ymin>157</ymin>
			<ymax>162</ymax>
		</bndbox>
	</object>
	<object>
		<name>oyster-spats</name>
		<pose>Unspecified</pose>
		<truncated>0</truncated>
		<difficult>0</difficult>
		<occluded>0</occluded>
		<bndbox>
			<xmin>343</xmin>
			<xmax>354</xmax>
			<ymin>92</ymin>
			<ymax>101</ymax>
		</bndbox>
	</object>
	<object>
		<name>oyster-spats</name>
		<pose>Unspecified</pose>
		<truncated>0</truncated>
		<difficult>0</difficult>
		<occluded>0</occluded>
		<bndbox>
			<xmin>320</xmin>
			<xmax>329</xmax>
			<ymin>128</ymin>
			<ymax>135</ymax>
		</bndbox>
	</object>
	<object>
		<name>oyster-spats</name>
		<pose>Unspecified</pose>
		<truncated>0</truncated>
		<difficult>0</difficult>
		<occluded>0</occluded>
		<bndbox>
			<xmin>317</xmin>
			<xmax>327</xmax>
			<ymin>139</ymin>
			<ymax>145</ymax>
		</bndbox>
	</object>
	<object>
		<name>oyster-spats</name>
		<pose>Unspecified</pose>
		<truncated>0</truncated>
		<difficult>0</difficult>
		<occluded>0</occluded>
		<bndbox>
			<xmin>265</xmin>
			<xmax>275</xmax>
			<ymin>235</ymin>
			<ymax>240</ymax>
		</bndbox>
	</object>
	<object>
		<name>oyster-spats</name>
		<pose>Unspecified</pose>
		<truncated>0</truncated>
		<difficult>0</difficult>
		<occluded>0</occluded>
		<bndbox>
			<xmin>460</xmin>
			<xmax>474</xmax>
			<ymin>224</ymin>
			<ymax>233</ymax>
		</bndbox>
	</object>
	<object>
		<name>oyster-spats</name>
		<pose>Unspecified</pose>
		<truncated>0</truncated>
		<difficult>0</difficult>
		<occluded>0</occluded>
		<bndbox>
			<xmin>378</xmin>
			<xmax>389</xmax>
			<ymin>164</ymin>
			<ymax>171</ymax>
		</bndbox>
	</object>
</annotation>
