<annotation>
	<folder></folder>
	<filename>IMG_20230910_095345_jpg.rf.b6b21bf250c92689f08b1add4fb7f3e6.jpg</filename>
	<path>IMG_20230910_095345_jpg.rf.b6b21bf250c92689f08b1add4fb7f3e6.jpg</path>
	<source>
		<database>roboflow.com</database>
	</source>
	<size>
		<width>640</width>
		<height>640</height>
		<depth>3</depth>
	</size>
	<segmented>0</segmented>
	<object>
		<name>oyster-spats</name>
		<pose>Unspecified</pose>
		<truncated>0</truncated>
		<difficult>0</difficult>
		<occluded>0</occluded>
		<bndbox>
			<xmin>222</xmin>
			<xmax>245</xmax>
			<ymin>329</ymin>
			<ymax>342</ymax>
		</bndbox>
	</object>
	<object>
		<name>oyster-spats</name>
		<pose>Unspecified</pose>
		<truncated>0</truncated>
		<difficult>0</difficult>
		<occluded>0</occluded>
		<bndbox>
			<xmin>367</xmin>
			<xmax>388</xmax>
			<ymin>433</ymin>
			<ymax>446</ymax>
		</bndbox>
	</object>
	<object>
		<name>oyster-spats</name>
		<pose>Unspecified</pose>
		<truncated>0</truncated>
		<difficult>0</difficult>
		<occluded>0</occluded>
		<bndbox>
			<xmin>382</xmin>
			<xmax>402</xmax>
			<ymin>363</ymin>
			<ymax>372</ymax>
		</bndbox>
	</object>
</annotation>
