<annotation>
	<folder></folder>
	<filename>IMG_20230910_093647_jpg.rf.58d538f09e757736da62e270ab5cbae4.jpg</filename>
	<path>IMG_20230910_093647_jpg.rf.58d538f09e757736da62e270ab5cbae4.jpg</path>
	<source>
		<database>roboflow.com</database>
	</source>
	<size>
		<width>640</width>
		<height>640</height>
		<depth>3</depth>
	</size>
	<segmented>0</segmented>
	<object>
		<name>oyster-spats</name>
		<pose>Unspecified</pose>
		<truncated>0</truncated>
		<difficult>0</difficult>
		<occluded>0</occluded>
		<bndbox>
			<xmin>263</xmin>
			<xmax>272</xmax>
			<ymin>338</ymin>
			<ymax>355</ymax>
		</bndbox>
	</object>
	<object>
		<name>oyster-spats</name>
		<pose>Unspecified</pose>
		<truncated>0</truncated>
		<difficult>0</difficult>
		<occluded>0</occluded>
		<bndbox>
			<xmin>278</xmin>
			<xmax>291</xmax>
			<ymin>349</ymin>
			<ymax>369</ymax>
		</bndbox>
	</object>
</annotation>
