<annotation>
	<folder></folder>
	<filename>IMG_20230910_090741_jpg.rf.5daeb6116a7930b9dc8e438cc4942179.jpg</filename>
	<path>IMG_20230910_090741_jpg.rf.5daeb6116a7930b9dc8e438cc4942179.jpg</path>
	<source>
		<database>roboflow.com</database>
	</source>
	<size>
		<width>640</width>
		<height>640</height>
		<depth>3</depth>
	</size>
	<segmented>0</segmented>
	<object>
		<name>oyster-spats</name>
		<pose>Unspecified</pose>
		<truncated>0</truncated>
		<difficult>0</difficult>
		<occluded>0</occluded>
		<bndbox>
			<xmin>170</xmin>
			<xmax>178</xmax>
			<ymin>200</ymin>
			<ymax>211</ymax>
		</bndbox>
	</object>
</annotation>
