<annotation>
	<folder></folder>
	<filename>IMG_20230910_090722_jpg.rf.3f1e36db0a0cd84acf366bca28434f01.jpg</filename>
	<path>IMG_20230910_090722_jpg.rf.3f1e36db0a0cd84acf366bca28434f01.jpg</path>
	<source>
		<database>roboflow.com</database>
	</source>
	<size>
		<width>640</width>
		<height>640</height>
		<depth>3</depth>
	</size>
	<segmented>0</segmented>
	<object>
		<name>oyster-spats</name>
		<pose>Unspecified</pose>
		<truncated>0</truncated>
		<difficult>0</difficult>
		<occluded>0</occluded>
		<bndbox>
			<xmin>280</xmin>
			<xmax>294</xmax>
			<ymin>245</ymin>
			<ymax>267</ymax>
		</bndbox>
	</object>
	<object>
		<name>oyster-spats</name>
		<pose>Unspecified</pose>
		<truncated>0</truncated>
		<difficult>0</difficult>
		<occluded>0</occluded>
		<bndbox>
			<xmin>363</xmin>
			<xmax>375</xmax>
			<ymin>435</ymin>
			<ymax>454</ymax>
		</bndbox>
	</object>
	<object>
		<name>oyster-spats</name>
		<pose>Unspecified</pose>
		<truncated>0</truncated>
		<difficult>0</difficult>
		<occluded>0</occluded>
		<bndbox>
			<xmin>466</xmin>
			<xmax>475</xmax>
			<ymin>565</ymin>
			<ymax>592</ymax>
		</bndbox>
	</object>
	<object>
		<name>oyster-spats</name>
		<pose>Unspecified</pose>
		<truncated>0</truncated>
		<difficult>0</difficult>
		<occluded>0</occluded>
		<bndbox>
			<xmin>446</xmin>
			<xmax>456</xmax>
			<ymin>207</ymin>
			<ymax>225</ymax>
		</bndbox>
	</object>
</annotation>
