<annotation>
	<folder></folder>
	<filename>IMG_20230910_101609_jpg.rf.31cbec832872f9b035e52c20d357e8ed.jpg</filename>
	<path>IMG_20230910_101609_jpg.rf.31cbec832872f9b035e52c20d357e8ed.jpg</path>
	<source>
		<database>roboflow.com</database>
	</source>
	<size>
		<width>640</width>
		<height>640</height>
		<depth>3</depth>
	</size>
	<segmented>0</segmented>
	<object>
		<name>oyster-spats</name>
		<pose>Unspecified</pose>
		<truncated>0</truncated>
		<difficult>0</difficult>
		<occluded>0</occluded>
		<bndbox>
			<xmin>193</xmin>
			<xmax>206</xmax>
			<ymin>291</ymin>
			<ymax>316</ymax>
		</bndbox>
	</object>
</annotation>
