<annotation>
	<folder></folder>
	<filename>IMG_20230910_100922_jpg.rf.7ebbab3bc9d9c6b8cd07a8bd26664545.jpg</filename>
	<path>IMG_20230910_100922_jpg.rf.7ebbab3bc9d9c6b8cd07a8bd26664545.jpg</path>
	<source>
		<database>roboflow.com</database>
	</source>
	<size>
		<width>640</width>
		<height>640</height>
		<depth>3</depth>
	</size>
	<segmented>0</segmented>
	<object>
		<name>oyster-spats</name>
		<pose>Unspecified</pose>
		<truncated>0</truncated>
		<difficult>0</difficult>
		<occluded>0</occluded>
		<bndbox>
			<xmin>279</xmin>
			<xmax>289</xmax>
			<ymin>261</ymin>
			<ymax>284</ymax>
		</bndbox>
	</object>
	<object>
		<name>oyster-spats</name>
		<pose>Unspecified</pose>
		<truncated>0</truncated>
		<difficult>0</difficult>
		<occluded>0</occluded>
		<bndbox>
			<xmin>509</xmin>
			<xmax>522</xmax>
			<ymin>438</ymin>
			<ymax>462</ymax>
		</bndbox>
	</object>
</annotation>
