<annotation>
	<folder></folder>
	<filename>IMG_20230910_095130_jpg.rf.c912b6d3c580667d53fe5d880390dc6c.jpg</filename>
	<path>IMG_20230910_095130_jpg.rf.c912b6d3c580667d53fe5d880390dc6c.jpg</path>
	<source>
		<database>roboflow.com</database>
	</source>
	<size>
		<width>640</width>
		<height>640</height>
		<depth>3</depth>
	</size>
	<segmented>0</segmented>
	<object>
		<name>oyster-spats</name>
		<pose>Unspecified</pose>
		<truncated>0</truncated>
		<difficult>0</difficult>
		<occluded>0</occluded>
		<bndbox>
			<xmin>285</xmin>
			<xmax>302</xmax>
			<ymin>499</ymin>
			<ymax>510</ymax>
		</bndbox>
	</object>
	<object>
		<name>oyster-spats</name>
		<pose>Unspecified</pose>
		<truncated>0</truncated>
		<difficult>0</difficult>
		<occluded>0</occluded>
		<bndbox>
			<xmin>341</xmin>
			<xmax>367</xmax>
			<ymin>183</ymin>
			<ymax>197</ymax>
		</bndbox>
	</object>
</annotation>
