<annotation>
	<folder></folder>
	<filename>IMG_20230910_095436_jpg.rf.08dea5e0f2e1b280620445b69d9b504a.jpg</filename>
	<path>IMG_20230910_095436_jpg.rf.08dea5e0f2e1b280620445b69d9b504a.jpg</path>
	<source>
		<database>roboflow.com</database>
	</source>
	<size>
		<width>640</width>
		<height>640</height>
		<depth>3</depth>
	</size>
	<segmented>0</segmented>
	<object>
		<name>oyster-spats</name>
		<pose>Unspecified</pose>
		<truncated>0</truncated>
		<difficult>0</difficult>
		<occluded>0</occluded>
		<bndbox>
			<xmin>155</xmin>
			<xmax>182</xmax>
			<ymin>374</ymin>
			<ymax>388</ymax>
		</bndbox>
	</object>
	<object>
		<name>oyster-spats</name>
		<pose>Unspecified</pose>
		<truncated>0</truncated>
		<difficult>0</difficult>
		<occluded>0</occluded>
		<bndbox>
			<xmin>249</xmin>
			<xmax>267</xmax>
			<ymin>395</ymin>
			<ymax>406</ymax>
		</bndbox>
	</object>
	<object>
		<name>oyster-spats</name>
		<pose>Unspecified</pose>
		<truncated>0</truncated>
		<difficult>0</difficult>
		<occluded>0</occluded>
		<bndbox>
			<xmin>134</xmin>
			<xmax>148</xmax>
			<ymin>391</ymin>
			<ymax>399</ymax>
		</bndbox>
	</object>
</annotation>
