<annotation>
	<folder></folder>
	<filename>IMG_20230910_090055_jpg.rf.75e23d1944e83dafbb497c0d8ae57d13.jpg</filename>
	<path>IMG_20230910_090055_jpg.rf.75e23d1944e83dafbb497c0d8ae57d13.jpg</path>
	<source>
		<database>roboflow.com</database>
	</source>
	<size>
		<width>640</width>
		<height>640</height>
		<depth>3</depth>
	</size>
	<segmented>0</segmented>
	<object>
		<name>oyster-spats</name>
		<pose>Unspecified</pose>
		<truncated>0</truncated>
		<difficult>0</difficult>
		<occluded>0</occluded>
		<bndbox>
			<xmin>171</xmin>
			<xmax>215</xmax>
			<ymin>301</ymin>
			<ymax>331</ymax>
		</bndbox>
	</object>
	<object>
		<name>oyster-spats</name>
		<pose>Unspecified</pose>
		<truncated>0</truncated>
		<difficult>0</difficult>
		<occluded>0</occluded>
		<bndbox>
			<xmin>415</xmin>
			<xmax>445</xmax>
			<ymin>241</ymin>
			<ymax>260</ymax>
		</bndbox>
	</object>
	<object>
		<name>oyster-spats</name>
		<pose>Unspecified</pose>
		<truncated>0</truncated>
		<difficult>0</difficult>
		<occluded>0</occluded>
		<bndbox>
			<xmin>108</xmin>
			<xmax>136</xmax>
			<ymin>327</ymin>
			<ymax>349</ymax>
		</bndbox>
	</object>
</annotation>
