<annotation>
	<folder></folder>
	<filename>IMG_20230910_090642_jpg.rf.b176e901d17d7ddc31a7f5a613475c7b.jpg</filename>
	<path>IMG_20230910_090642_jpg.rf.b176e901d17d7ddc31a7f5a613475c7b.jpg</path>
	<source>
		<database>roboflow.com</database>
	</source>
	<size>
		<width>640</width>
		<height>640</height>
		<depth>3</depth>
	</size>
	<segmented>0</segmented>
	<object>
		<name>oyster-spats</name>
		<pose>Unspecified</pose>
		<truncated>0</truncated>
		<difficult>0</difficult>
		<occluded>0</occluded>
		<bndbox>
			<xmin>303</xmin>
			<xmax>360</xmax>
			<ymin>388</ymin>
			<ymax>424</ymax>
		</bndbox>
	</object>
</annotation>
