<annotation>
	<folder></folder>
	<filename>shell-21-_jpg.rf.f90e5fcc2e20628a81edd55cc2fe4762.jpg</filename>
	<path>shell-21-_jpg.rf.f90e5fcc2e20628a81edd55cc2fe4762.jpg</path>
	<source>
		<database>roboflow.com</database>
	</source>
	<size>
		<width>640</width>
		<height>640</height>
		<depth>3</depth>
	</size>
	<segmented>0</segmented>
	<object>
		<name>oyster-spats</name>
		<pose>Unspecified</pose>
		<truncated>0</truncated>
		<difficult>0</difficult>
		<occluded>0</occluded>
		<bndbox>
			<xmin>411</xmin>
			<xmax>423</xmax>
			<ymin>300</ymin>
			<ymax>318</ymax>
		</bndbox>
	</object>
	<object>
		<name>oyster-spats</name>
		<pose>Unspecified</pose>
		<truncated>0</truncated>
		<difficult>0</difficult>
		<occluded>0</occluded>
		<bndbox>
			<xmin>403</xmin>
			<xmax>414</xmax>
			<ymin>317</ymin>
			<ymax>337</ymax>
		</bndbox>
	</object>
</annotation>
