<annotation>
	<folder></folder>
	<filename>shell-162-_JPG.rf.73638ee44df4688bfb559c0b385a14f4.jpg</filename>
	<path>shell-162-_JPG.rf.73638ee44df4688bfb559c0b385a14f4.jpg</path>
	<source>
		<database>roboflow.com</database>
	</source>
	<size>
		<width>640</width>
		<height>640</height>
		<depth>3</depth>
	</size>
	<segmented>0</segmented>
	<object>
		<name>oyster-spats</name>
		<pose>Unspecified</pose>
		<truncated>0</truncated>
		<difficult>0</difficult>
		<occluded>0</occluded>
		<bndbox>
			<xmin>300</xmin>
			<xmax>320</xmax>
			<ymin>71</ymin>
			<ymax>99</ymax>
		</bndbox>
	</object>
	<object>
		<name>oyster-spats</name>
		<pose>Unspecified</pose>
		<truncated>0</truncated>
		<difficult>0</difficult>
		<occluded>0</occluded>
		<bndbox>
			<xmin>338</xmin>
			<xmax>349</xmax>
			<ymin>80</ymin>
			<ymax>97</ymax>
		</bndbox>
	</object>
</annotation>
