<annotation>
	<folder></folder>
	<filename>shell-193-_JPG.rf.3bdad8086c36728acc3e8afa99bff55a.jpg</filename>
	<path>shell-193-_JPG.rf.3bdad8086c36728acc3e8afa99bff55a.jpg</path>
	<source>
		<database>roboflow.com</database>
	</source>
	<size>
		<width>640</width>
		<height>640</height>
		<depth>3</depth>
	</size>
	<segmented>0</segmented>
	<object>
		<name>oyster-spats</name>
		<pose>Unspecified</pose>
		<truncated>0</truncated>
		<difficult>0</difficult>
		<occluded>0</occluded>
		<bndbox>
			<xmin>282</xmin>
			<xmax>298</xmax>
			<ymin>173</ymin>
			<ymax>201</ymax>
		</bndbox>
	</object>
</annotation>
