<annotation>
	<folder></folder>
	<filename>shell-210-_JPG.rf.aabc9b20a42dc7465c9cda88664aa261.jpg</filename>
	<path>shell-210-_JPG.rf.aabc9b20a42dc7465c9cda88664aa261.jpg</path>
	<source>
		<database>roboflow.com</database>
	</source>
	<size>
		<width>640</width>
		<height>640</height>
		<depth>3</depth>
	</size>
	<segmented>0</segmented>
	<object>
		<name>oyster-spats</name>
		<pose>Unspecified</pose>
		<truncated>0</truncated>
		<difficult>0</difficult>
		<occluded>0</occluded>
		<bndbox>
			<xmin>315</xmin>
			<xmax>328</xmax>
			<ymin>106</ymin>
			<ymax>130</ymax>
		</bndbox>
	</object>
	<object>
		<name>oyster-spats</name>
		<pose>Unspecified</pose>
		<truncated>0</truncated>
		<difficult>0</difficult>
		<occluded>0</occluded>
		<bndbox>
			<xmin>386</xmin>
			<xmax>400</xmax>
			<ymin>207</ymin>
			<ymax>232</ymax>
		</bndbox>
	</object>
	<object>
		<name>oyster-spats</name>
		<pose>Unspecified</pose>
		<truncated>0</truncated>
		<difficult>0</difficult>
		<occluded>0</occluded>
		<bndbox>
			<xmin>222</xmin>
			<xmax>237</xmax>
			<ymin>318</ymin>
			<ymax>339</ymax>
		</bndbox>
	</object>
	<object>
		<name>oyster-spats</name>
		<pose>Unspecified</pose>
		<truncated>0</truncated>
		<difficult>0</difficult>
		<occluded>0</occluded>
		<bndbox>
			<xmin>420</xmin>
			<xmax>431</xmax>
			<ymin>116</ymin>
			<ymax>136</ymax>
		</bndbox>
	</object>
</annotation>
