<annotation>
	<folder></folder>
	<filename>shell-182-_JPG.rf.6b5b9d1407e4046af8279ab718d1a336.jpg</filename>
	<path>shell-182-_JPG.rf.6b5b9d1407e4046af8279ab718d1a336.jpg</path>
	<source>
		<database>roboflow.com</database>
	</source>
	<size>
		<width>640</width>
		<height>640</height>
		<depth>3</depth>
	</size>
	<segmented>0</segmented>
	<object>
		<name>oyster-spats</name>
		<pose>Unspecified</pose>
		<truncated>0</truncated>
		<difficult>0</difficult>
		<occluded>0</occluded>
		<bndbox>
			<xmin>391</xmin>
			<xmax>401</xmax>
			<ymin>380</ymin>
			<ymax>401</ymax>
		</bndbox>
	</object>
	<object>
		<name>oyster-spats</name>
		<pose>Unspecified</pose>
		<truncated>0</truncated>
		<difficult>0</difficult>
		<occluded>0</occluded>
		<bndbox>
			<xmin>379</xmin>
			<xmax>391</xmax>
			<ymin>304</ymin>
			<ymax>324</ymax>
		</bndbox>
	</object>
	<object>
		<name>oyster-spats</name>
		<pose>Unspecified</pose>
		<truncated>0</truncated>
		<difficult>0</difficult>
		<occluded>0</occluded>
		<bndbox>
			<xmin>409</xmin>
			<xmax>419</xmax>
			<ymin>341</ymin>
			<ymax>358</ymax>
		</bndbox>
	</object>
</annotation>
