<annotation>
	<folder></folder>
	<filename>shell-124-_jpg.rf.0f39dd2e4a1be4714f7000b6f9d50212.jpg</filename>
	<path>shell-124-_jpg.rf.0f39dd2e4a1be4714f7000b6f9d50212.jpg</path>
	<source>
		<database>roboflow.com</database>
	</source>
	<size>
		<width>640</width>
		<height>640</height>
		<depth>3</depth>
	</size>
	<segmented>0</segmented>
	<object>
		<name>oyster-spats</name>
		<pose>Unspecified</pose>
		<truncated>0</truncated>
		<difficult>0</difficult>
		<occluded>0</occluded>
		<bndbox>
			<xmin>414</xmin>
			<xmax>441</xmax>
			<ymin>244</ymin>
			<ymax>261</ymax>
		</bndbox>
	</object>
	<object>
		<name>oyster-spats</name>
		<pose>Unspecified</pose>
		<truncated>0</truncated>
		<difficult>0</difficult>
		<occluded>0</occluded>
		<bndbox>
			<xmin>374</xmin>
			<xmax>402</xmax>
			<ymin>233</ymin>
			<ymax>249</ymax>
		</bndbox>
	</object>
	<object>
		<name>oyster-spats</name>
		<pose>Unspecified</pose>
		<truncated>0</truncated>
		<difficult>0</difficult>
		<occluded>0</occluded>
		<bndbox>
			<xmin>372</xmin>
			<xmax>393</xmax>
			<ymin>250</ymin>
			<ymax>267</ymax>
		</bndbox>
	</object>
	<object>
		<name>oyster-spats</name>
		<pose>Unspecified</pose>
		<truncated>0</truncated>
		<difficult>0</difficult>
		<occluded>0</occluded>
		<bndbox>
			<xmin>211</xmin>
			<xmax>244</xmax>
			<ymin>227</ymin>
			<ymax>245</ymax>
		</bndbox>
	</object>
</annotation>
