<annotation>
	<folder></folder>
	<filename>shell-200-_JPG.rf.eac8764718db82ac1b6ee1a5e529079a.jpg</filename>
	<path>shell-200-_JPG.rf.eac8764718db82ac1b6ee1a5e529079a.jpg</path>
	<source>
		<database>roboflow.com</database>
	</source>
	<size>
		<width>640</width>
		<height>640</height>
		<depth>3</depth>
	</size>
	<segmented>0</segmented>
	<object>
		<name>oyster-spats</name>
		<pose>Unspecified</pose>
		<truncated>0</truncated>
		<difficult>0</difficult>
		<occluded>0</occluded>
		<bndbox>
			<xmin>222</xmin>
			<xmax>243</xmax>
			<ymin>264</ymin>
			<ymax>304</ymax>
		</bndbox>
	</object>
	<object>
		<name>oyster-spats</name>
		<pose>Unspecified</pose>
		<truncated>0</truncated>
		<difficult>0</difficult>
		<occluded>0</occluded>
		<bndbox>
			<xmin>239</xmin>
			<xmax>250</xmax>
			<ymin>235</ymin>
			<ymax>255</ymax>
		</bndbox>
	</object>
	<object>
		<name>oyster-spats</name>
		<pose>Unspecified</pose>
		<truncated>0</truncated>
		<difficult>0</difficult>
		<occluded>0</occluded>
		<bndbox>
			<xmin>317</xmin>
			<xmax>334</xmax>
			<ymin>301</ymin>
			<ymax>326</ymax>
		</bndbox>
	</object>
</annotation>
