<annotation>
	<folder></folder>
	<filename>shell-199-_JPG.rf.1519166998ac6e382fdc7c34cf54a8f6.jpg</filename>
	<path>shell-199-_JPG.rf.1519166998ac6e382fdc7c34cf54a8f6.jpg</path>
	<source>
		<database>roboflow.com</database>
	</source>
	<size>
		<width>640</width>
		<height>640</height>
		<depth>3</depth>
	</size>
	<segmented>0</segmented>
	<object>
		<name>oyster-spats</name>
		<pose>Unspecified</pose>
		<truncated>0</truncated>
		<difficult>0</difficult>
		<occluded>0</occluded>
		<bndbox>
			<xmin>328</xmin>
			<xmax>342</xmax>
			<ymin>431</ymin>
			<ymax>453</ymax>
		</bndbox>
	</object>
	<object>
		<name>oyster-spats</name>
		<pose>Unspecified</pose>
		<truncated>0</truncated>
		<difficult>0</difficult>
		<occluded>0</occluded>
		<bndbox>
			<xmin>436</xmin>
			<xmax>448</xmax>
			<ymin>140</ymin>
			<ymax>164</ymax>
		</bndbox>
	</object>
	<object>
		<name>oyster-spats</name>
		<pose>Unspecified</pose>
		<truncated>0</truncated>
		<difficult>0</difficult>
		<occluded>0</occluded>
		<bndbox>
			<xmin>101</xmin>
			<xmax>110</xmax>
			<ymin>54</ymin>
			<ymax>69</ymax>
		</bndbox>
	</object>
	<object>
		<name>oyster-spats</name>
		<pose>Unspecified</pose>
		<truncated>0</truncated>
		<difficult>0</difficult>
		<occluded>0</occluded>
		<bndbox>
			<xmin>160</xmin>
			<xmax>168</xmax>
			<ymin>156</ymin>
			<ymax>172</ymax>
		</bndbox>
	</object>
</annotation>
