<annotation>
	<folder></folder>
	<filename>shell-130-_jpg.rf.c956c5bd7eef0275aeb439949c9c20ee.jpg</filename>
	<path>shell-130-_jpg.rf.c956c5bd7eef0275aeb439949c9c20ee.jpg</path>
	<source>
		<database>roboflow.com</database>
	</source>
	<size>
		<width>640</width>
		<height>640</height>
		<depth>3</depth>
	</size>
	<segmented>0</segmented>
	<object>
		<name>oyster-spats</name>
		<pose>Unspecified</pose>
		<truncated>0</truncated>
		<difficult>0</difficult>
		<occluded>0</occluded>
		<bndbox>
			<xmin>397</xmin>
			<xmax>438</xmax>
			<ymin>135</ymin>
			<ymax>156</ymax>
		</bndbox>
	</object>
	<object>
		<name>oyster-spats</name>
		<pose>Unspecified</pose>
		<truncated>0</truncated>
		<difficult>0</difficult>
		<occluded>0</occluded>
		<bndbox>
			<xmin>366</xmin>
			<xmax>405</xmax>
			<ymin>145</ymin>
			<ymax>170</ymax>
		</bndbox>
	</object>
	<object>
		<name>oyster-spats</name>
		<pose>Unspecified</pose>
		<truncated>0</truncated>
		<difficult>0</difficult>
		<occluded>0</occluded>
		<bndbox>
			<xmin>70</xmin>
			<xmax>102</xmax>
			<ymin>337</ymin>
			<ymax>355</ymax>
		</bndbox>
	</object>
	<object>
		<name>oyster-spats</name>
		<pose>Unspecified</pose>
		<truncated>0</truncated>
		<difficult>0</difficult>
		<occluded>0</occluded>
		<bndbox>
			<xmin>52</xmin>
			<xmax>87</xmax>
			<ymin>314</ymin>
			<ymax>335</ymax>
		</bndbox>
	</object>
</annotation>
