<annotation>
	<folder></folder>
	<filename>shell-1-_jpg.rf.68e5d4eb69fca3ebe82410e3a0c867c9.jpg</filename>
	<path>shell-1-_jpg.rf.68e5d4eb69fca3ebe82410e3a0c867c9.jpg</path>
	<source>
		<database>roboflow.com</database>
	</source>
	<size>
		<width>640</width>
		<height>640</height>
		<depth>3</depth>
	</size>
	<segmented>0</segmented>
	<object>
		<name>oyster-spats</name>
		<pose>Unspecified</pose>
		<truncated>0</truncated>
		<difficult>0</difficult>
		<occluded>0</occluded>
		<bndbox>
			<xmin>268</xmin>
			<xmax>286</xmax>
			<ymin>386</ymin>
			<ymax>412</ymax>
		</bndbox>
	</object>
	<object>
		<name>oyster-spats</name>
		<pose>Unspecified</pose>
		<truncated>0</truncated>
		<difficult>0</difficult>
		<occluded>0</occluded>
		<bndbox>
			<xmin>240</xmin>
			<xmax>250</xmax>
			<ymin>410</ymin>
			<ymax>431</ymax>
		</bndbox>
	</object>
	<object>
		<name>oyster-spats</name>
		<pose>Unspecified</pose>
		<truncated>0</truncated>
		<difficult>0</difficult>
		<occluded>0</occluded>
		<bndbox>
			<xmin>432</xmin>
			<xmax>451</xmax>
			<ymin>173</ymin>
			<ymax>196</ymax>
		</bndbox>
	</object>
	<object>
		<name>oyster-spats</name>
		<pose>Unspecified</pose>
		<truncated>0</truncated>
		<difficult>0</difficult>
		<occluded>0</occluded>
		<bndbox>
			<xmin>463</xmin>
			<xmax>484</xmax>
			<ymin>156</ymin>
			<ymax>182</ymax>
		</bndbox>
	</object>
	<object>
		<name>oyster-spats</name>
		<pose>Unspecified</pose>
		<truncated>0</truncated>
		<difficult>0</difficult>
		<occluded>0</occluded>
		<bndbox>
			<xmin>290</xmin>
			<xmax>299</xmax>
			<ymin>368</ymin>
			<ymax>380</ymax>
		</bndbox>
	</object>
	<object>
		<name>oyster-spats</name>
		<pose>Unspecified</pose>
		<truncated>0</truncated>
		<difficult>0</difficult>
		<occluded>0</occluded>
		<bndbox>
			<xmin>262</xmin>
			<xmax>270</xmax>
			<ymin>341</ymin>
			<ymax>351</ymax>
		</bndbox>
	</object>
	<object>
		<name>oyster-spats</name>
		<pose>Unspecified</pose>
		<truncated>0</truncated>
		<difficult>0</difficult>
		<occluded>0</occluded>
		<bndbox>
			<xmin>252</xmin>
			<xmax>262</xmax>
			<ymin>264</ymin>
			<ymax>284</ymax>
		</bndbox>
	</object>
	<object>
		<name>oyster-spats</name>
		<pose>Unspecified</pose>
		<truncated>0</truncated>
		<difficult>0</difficult>
		<occluded>0</occluded>
		<bndbox>
			<xmin>240</xmin>
			<xmax>250</xmax>
			<ymin>327</ymin>
			<ymax>339</ymax>
		</bndbox>
	</object>
</annotation>
