<annotation>
	<folder></folder>
	<filename>shell-103-_jpg.rf.22d842b937de65796ef2deccce8627ba.jpg</filename>
	<path>shell-103-_jpg.rf.22d842b937de65796ef2deccce8627ba.jpg</path>
	<source>
		<database>roboflow.com</database>
	</source>
	<size>
		<width>640</width>
		<height>640</height>
		<depth>3</depth>
	</size>
	<segmented>0</segmented>
	<object>
		<name>oyster-spats</name>
		<pose>Unspecified</pose>
		<truncated>0</truncated>
		<difficult>0</difficult>
		<occluded>0</occluded>
		<bndbox>
			<xmin>489</xmin>
			<xmax>508</xmax>
			<ymin>397</ymin>
			<ymax>421</ymax>
		</bndbox>
	</object>
</annotation>
