<annotation>
	<folder></folder>
	<filename>shell-111-_jpg.rf.33be824e10ee3fdd27927ea1977d0874.jpg</filename>
	<path>shell-111-_jpg.rf.33be824e10ee3fdd27927ea1977d0874.jpg</path>
	<source>
		<database>roboflow.com</database>
	</source>
	<size>
		<width>640</width>
		<height>640</height>
		<depth>3</depth>
	</size>
	<segmented>0</segmented>
	<object>
		<name>oyster-spats</name>
		<pose>Unspecified</pose>
		<truncated>0</truncated>
		<difficult>0</difficult>
		<occluded>0</occluded>
		<bndbox>
			<xmin>541</xmin>
			<xmax>561</xmax>
			<ymin>206</ymin>
			<ymax>219</ymax>
		</bndbox>
	</object>
	<object>
		<name>oyster-spats</name>
		<pose>Unspecified</pose>
		<truncated>0</truncated>
		<difficult>0</difficult>
		<occluded>0</occluded>
		<bndbox>
			<xmin>541</xmin>
			<xmax>555</xmax>
			<ymin>332</ymin>
			<ymax>340</ymax>
		</bndbox>
	</object>
</annotation>
