<annotation>
	<folder></folder>
	<filename>shell-174-_JPG.rf.270760067fb5aa7c4f515fe6675ee575.jpg</filename>
	<path>shell-174-_JPG.rf.270760067fb5aa7c4f515fe6675ee575.jpg</path>
	<source>
		<database>roboflow.com</database>
	</source>
	<size>
		<width>640</width>
		<height>640</height>
		<depth>3</depth>
	</size>
	<segmented>0</segmented>
	<object>
		<name>oyster-spats</name>
		<pose>Unspecified</pose>
		<truncated>0</truncated>
		<difficult>0</difficult>
		<occluded>0</occluded>
		<bndbox>
			<xmin>218</xmin>
			<xmax>233</xmax>
			<ymin>506</ymin>
			<ymax>532</ymax>
		</bndbox>
	</object>
	<object>
		<name>oyster-spats</name>
		<pose>Unspecified</pose>
		<truncated>0</truncated>
		<difficult>0</difficult>
		<occluded>0</occluded>
		<bndbox>
			<xmin>356</xmin>
			<xmax>376</xmax>
			<ymin>209</ymin>
			<ymax>243</ymax>
		</bndbox>
	</object>
	<object>
		<name>oyster-spats</name>
		<pose>Unspecified</pose>
		<truncated>0</truncated>
		<difficult>0</difficult>
		<occluded>0</occluded>
		<bndbox>
			<xmin>359</xmin>
			<xmax>376</xmax>
			<ymin>161</ymin>
			<ymax>188</ymax>
		</bndbox>
	</object>
	<object>
		<name>oyster-spats</name>
		<pose>Unspecified</pose>
		<truncated>0</truncated>
		<difficult>0</difficult>
		<occluded>0</occluded>
		<bndbox>
			<xmin>307</xmin>
			<xmax>324</xmax>
			<ymin>323</ymin>
			<ymax>353</ymax>
		</bndbox>
	</object>
</annotation>
