<annotation>
	<folder></folder>
	<filename>shell-165-_JPG.rf.c4cc61a3618dae48e6a6c674cfe66d2f.jpg</filename>
	<path>shell-165-_JPG.rf.c4cc61a3618dae48e6a6c674cfe66d2f.jpg</path>
	<source>
		<database>roboflow.com</database>
	</source>
	<size>
		<width>640</width>
		<height>640</height>
		<depth>3</depth>
	</size>
	<segmented>0</segmented>
	<object>
		<name>oyster-spats</name>
		<pose>Unspecified</pose>
		<truncated>0</truncated>
		<difficult>0</difficult>
		<occluded>0</occluded>
		<bndbox>
			<xmin>316</xmin>
			<xmax>341</xmax>
			<ymin>13</ymin>
			<ymax>48</ymax>
		</bndbox>
	</object>
</annotation>
