<annotation>
	<folder></folder>
	<filename>shell-16-_jpg.rf.60709efef87b487ad4f4d935ba0f62ea.jpg</filename>
	<path>shell-16-_jpg.rf.60709efef87b487ad4f4d935ba0f62ea.jpg</path>
	<source>
		<database>roboflow.com</database>
	</source>
	<size>
		<width>640</width>
		<height>640</height>
		<depth>3</depth>
	</size>
	<segmented>0</segmented>
	<object>
		<name>oyster-spats</name>
		<pose>Unspecified</pose>
		<truncated>0</truncated>
		<difficult>0</difficult>
		<occluded>0</occluded>
		<bndbox>
			<xmin>152</xmin>
			<xmax>167</xmax>
			<ymin>462</ymin>
			<ymax>483</ymax>
		</bndbox>
	</object>
	<object>
		<name>oyster-spats</name>
		<pose>Unspecified</pose>
		<truncated>0</truncated>
		<difficult>0</difficult>
		<occluded>0</occluded>
		<bndbox>
			<xmin>381</xmin>
			<xmax>393</xmax>
			<ymin>225</ymin>
			<ymax>242</ymax>
		</bndbox>
	</object>
	<object>
		<name>oyster-spats</name>
		<pose>Unspecified</pose>
		<truncated>0</truncated>
		<difficult>0</difficult>
		<occluded>0</occluded>
		<bndbox>
			<xmin>429</xmin>
			<xmax>438</xmax>
			<ymin>194</ymin>
			<ymax>210</ymax>
		</bndbox>
	</object>
	<object>
		<name>oyster-spats</name>
		<pose>Unspecified</pose>
		<truncated>0</truncated>
		<difficult>0</difficult>
		<occluded>0</occluded>
		<bndbox>
			<xmin>215</xmin>
			<xmax>226</xmax>
			<ymin>491</ymin>
			<ymax>509</ymax>
		</bndbox>
	</object>
</annotation>
