<annotation>
	<folder></folder>
	<filename>shell-208-_JPG.rf.0d185c2ea5a07a67a30de1d4ba3eda53.jpg</filename>
	<path>shell-208-_JPG.rf.0d185c2ea5a07a67a30de1d4ba3eda53.jpg</path>
	<source>
		<database>roboflow.com</database>
	</source>
	<size>
		<width>640</width>
		<height>640</height>
		<depth>3</depth>
	</size>
	<segmented>0</segmented>
	<object>
		<name>oyster-spats</name>
		<pose>Unspecified</pose>
		<truncated>0</truncated>
		<difficult>0</difficult>
		<occluded>0</occluded>
		<bndbox>
			<xmin>230</xmin>
			<xmax>248</xmax>
			<ymin>131</ymin>
			<ymax>167</ymax>
		</bndbox>
	</object>
</annotation>
